B,lp_bound,lp_round_obj,lp_round_bytes,bytes_over,n_nonzero_z,n_frac_x,two_stage_obj,two_stage_bytes,milp_obj,milp_ok,d,bpd,solve_s
460,45.31586198111275,45.17319442727879,461,1,7,0,47.955981702491535,460,45.31587517357087,True,1266,2.9077280469225357,1.3
492,41.7712362864079,41.7712362864079,492,0,7,0,44.8213740540222,492,41.771236286407834,True,1286,3.0619720206308765,0.67
600,29.99112893655411,29.99112893655411,600,0,6,0,33.073080839709746,600,29.991128936554134,True,1228,3.913326676839873,0.59
428,36.392995348191704,36.392995348191704,428,0,7,0,38.78102639716634,428,36.39299534819173,True,1060,3.235093477986833,0.46
336,70.88883805498196,70.6447728257025,337,1,7,0,75.32564128491411,336,70.8888719480543,True,1261,2.1327462435964266,0.98
659,31.96988430106411,31.96988430106411,659,0,6,0,34.71499769374633,659,31.969884301064102,True,1361,3.8768991179212926,0.68
1069,9.146383979949931,9.146383979949931,1069,0,5,0,9.683100650578076,1069,9.146383979949931,True,1222,6.998504329031189,0.43
989,8.921300486806786,8.910972087876544,990,1,5,0,9.354958444350082,989,8.92130088112324,True,1120,7.069826764725411,1.97
555,38.503245299671825,38.38691768644485,556,1,7,0,41.92712845478589,555,38.503250630656545,True,1306,3.401967630728728,3.0
1224,13.026835882931936,13.026835882931936,1224,0,5,0,14.16681602129961,1224,13.026835882931964,True,1531,6.397856922932007,0.67
825,19.86739082536411,19.86739082536411,825,0,6,0,22.242847792079957,825,19.86739082536415,True,1357,4.864062486851323,0.64
372,76.2165925623977,76.2165925623977,372,0,7,0,80.8195914547962,372,76.21659256239772,True,1346,2.2112392089095865,0.69
133,152.02583476347382,151.3085053467007,134,1,8,0,158.67687393892015,133,152.02639382832814,True,1212,0.8829919096690986,0.72
780,31.058280266005422,31.058280266005422,780,0,6,0,34.81008229611952,780,31.058280266005404,True,1496,4.1757629243385725,0.84
83,210.42305014466572,210.42305014466572,83,0,7,0,217.09573560850617,83,210.42305014466564,True,1272,0.5248293759728255,0.5
614,18.667192015223204,18.667192015223204,614,0,6,0,20.677339674762262,614,18.667192015223204,True,1071,4.593550431391334,0.46
903,8.32068737753638,8.32068737753638,903,0,5,0,9.257764905376721,903,8.320687377536386,True,1107,6.5257529272318475,0.38
532,66.55574597914318,66.55574597914318,532,0,7,0,70.71471097603359,532,66.5557459791433,True,1526,2.7903698487369777,0.89
629,44.289396097615004,44.057184638148684,631,2,7,0,46.95717984899339,629,44.28944522870508,True,1520,3.312260923108706,1.77
133,153.7610283439948,152.99253765077714,134,1,7,0,160.87711073845142,133,153.76113331211462,True,1209,0.8816200243416267,0.63
303,73.61861544663294,73.06974007088577,305,2,8,0,77.821208488123,303,,False,1182,2.0567430965275126,0.47
762,26.238749840725013,26.238749840725013,762,0,6,0,29.15807341440223,762,,False,1408,4.333878929343378,0.65
575,36.085299736953715,36.085299736953715,575,0,6,0,39.13929154924849,575,,False,1311,3.510069980988657,0.56
574,23.073972096863816,23.073972096863816,574,0,6,0,25.830712042240112,574,,False,1090,4.21857033409759,0.4
194,121.46324230983522,120.94856250678181,195,1,8,0,126.97761080957322,194,,False,1229,1.2647781857610765,0.46
747,21.095171460331436,20.978715127245614,749,2,6,0,23.435449949664815,747,,False,1294,4.620039552081761,0.53
155,130.28737307521786,129.70565366584458,156,1,8,0,135.54756682331504,155,,False,1181,1.0565315058533415,0.43
764,26.767699140866654,26.697192814196864,765,1,6,0,29.658678029868312,764,,False,1453,4.210782399702881,0.7
661,33.28795341158263,33.28795341158263,661,0,6,0,35.93105833662956,661,,False,1393,3.7989599968715266,0.62
282,93.39846203163766,92.73228714923941,284,2,8,0,98.71867082986407,282,,False,1306,1.7276013960268806,0.56
562,34.12237382703531,34.12237382703531,562,0,6,0,36.91211180323367,562,,False,1269,3.5477448081063656,0.54
876,9.32091775365335,9.32091775365335,876,0,5,0,10.316041598286658,876,,False,1105,6.348346338894825,0.33
367,83.57970917211667,83.31837554322335,368,1,7,0,89.06033098461157,367,,False,1427,2.061872971976653,0.66
751,32.80588366459006,32.80588366459006,751,0,6,0,36.400942930656456,751,,False,1485,4.048797895035117,0.7
222,147.2471073161023,147.2471073161023,222,0,8,0,154.01252418469767,222,,False,1456,1.22167150056927,0.67
736,25.079191838305903,25.011257924549295,737,1,6,0,27.692218823406755,736,,False,1402,4.204926055886807,0.64
735,15.93972422344656,15.93972422344656,735,0,6,0,17.247035079279964,735,,False,1031,5.705613374824168,0.32
177,91.75679693843395,91.31848244949174,178,1,8,0,95.5595592415583,177,,False,1052,1.349998256841131,0.35
325,107.9020736936786,107.9020736936786,325,0,8,0,113.81024878986463,325,,False,1488,1.7476248736137334,0.69
265,66.05865894935734,66.05865894935734,265,0,8,0,69.37898101021388,265,,False,1047,2.0321889418643804,0.37
991,14.009674155424772,14.009674155424772,991,0,5,0,14.992976748447795,991,,False,1243,6.380280894314497,0.41
396,39.22061164268373,39.22061164268373,396,0,6,0,41.45614743050521,396,,False,1083,2.931612392570046,0.39
857,9.553247312400577,9.553247312400577,857,0,5,0,10.739016013502754,857,,False,1106,6.200530331093971,0.33
611,34.681859310440544,34.681859310440544,611,0,6,0,38.27000164623112,611,,False,1287,3.7990956888333014,0.54
822,9.598606995141493,9.598606995141493,822,0,5,0,10.536979730216986,822,,False,1069,6.158590307964089,0.32
105,136.86940851932036,136.11102270379865,106,1,8,0,142.0208606334051,105,,False,1057,0.8021513502439874,0.34
282,71.07676106839837,70.78279242122822,283,1,7,0,74.85216416801465,282,,False,1136,1.9898399589048652,0.42
190,126.12164735041505,126.12164735041505,190,0,8,0,131.46532465415515,190,,False,1276,1.194306214514342,0.5
290,93.66600862143501,93.3537730576347,291,1,8,0,98.62538808943799,290,,False,1378,1.6888141426905825,0.6
978,7.323421673340836,7.323421673340836,978,0,5,0,7.5991998329660575,978,,False,1078,7.263218706078773,0.27
103,208.68187803130647,208.68187803130647,103,0,8,0,215.23403868195277,103,,False,1340,0.6205747486817599,0.53
1125,15.458960345312702,15.458960345312702,1125,0,5,0,17.25024140947452,1125,,False,1484,6.069045449488048,0.58
617,19.497027429167705,19.497027429167705,617,0,6,0,21.812431354689828,617,,False,1080,4.573491371713366,0.39
897,16.312627765501333,16.312627765501333,897,0,6,0,18.601521368768868,897,,False,1364,5.264083862262818,0.55
156,163.48703425733504,162.7954774616372,157,1,8,0,170.5132417930103,156,,False,1392,0.9022862992880735,0.59
830,24.997809069640446,24.997809069640446,830,0,6,0,28.73556454016848,830,,False,1435,4.630193921397937,0.64
1270,10.691178212906603,10.691178212906603,1270,0,5,0,11.127891788609656,1270,,False,1398,7.267680964865475,0.43
177,130.10443236685046,129.53452145091725,178,1,8,0,134.56949650801747,177,,False,1270,1.115486199700996,0.5
420,68.40468764723268,68.40468764723268,420,0,7,0,72.19352946464558,420,,False,1421,2.3654678041060846,0.66
992,14.32477423290097,14.32477423290097,992,0,5,0,16.186569118954132,992,,False,1346,5.89715372115977,0.49
1044,7.5825190190646365,7.576127765693365,1045,1,5,0,7.74258822821522,1044,,False,1124,7.43726421514247,0.27
870,20.15518578918898,20.15518578918898,870,0,6,0,23.022071493006187,870,,False,1455,4.787227190026273,0.66
219,87.49275045455077,86.42421656258107,222,3,8,0,93.06019437514794,219,,False,1101,1.5945150710511327,0.4
926,14.549736460460814,14.549736460460814,926,0,5,0,16.225494674811273,926,,False,1301,5.698050578773311,0.48
602,38.8569925696774,38.8569925696774,602,0,6,0,42.091378285511695,602,,False,1363,3.5377864487242947,0.61
505,30.05315241389971,30.05315241389971,505,0,6,0,32.81816177014646,505,,False,1100,3.6729598034047446,0.41
126,124.07129130398062,124.07129130398062,126,0,8,0,129.90186278983987,126,,False,1081,0.9334625041106068,0.36
862,24.244413220420032,24.244413220420032,862,0,6,0,27.13990380720847,862,,False,1481,4.661551502547229,2.2
413,66.6938740934434,66.48947772471473,414,1,7,0,69.99487964970092,413,,False,1312,2.5243200315626098,0.57
974,15.34998129320926,15.34998129320926,974,0,5,0,17.188966917934167,974,,False,1337,5.830027882125951,0.49
475,56.87592500485918,56.87592500485918,475,0,6,0,61.22089410345819,475,,False,1342,2.833509220993445,0.59
606,23.430487514063024,23.430487514063024,606,0,6,0,26.160190901158163,606,,False,1187,4.08951009069843,0.47
669,21.330391065122605,21.204830022411226,671,2,6,0,24.02422458907215,669,,False,1220,4.390599120563551,0.49
391,83.52953547338784,83.52953547338784,391,0,7,0,88.51461128573092,391,,False,1482,2.115988898504264,0.7
124,146.90515620476845,146.1294269579303,125,1,8,0,153.20894155847435,124,,False,1142,0.8716295539987523,0.41
468,60.83090682476113,60.65027058814488,469,1,7,0,64.32115490477503,468,,False,1382,2.710976541002775,0.63
929,18.857537877226882,18.857537877226882,929,0,6,0,21.295449086594054,929,,False,1426,5.215803037230401,0.59
1004,16.540312672389522,16.540312672389522,1004,0,6,0,18.927977414091576,1004,,False,1419,5.66071338728216,0.54
87,237.07014251974502,237.07014251974502,87,0,8,0,245.2321146619441,87,,False,1289,0.544825984681046,0.48
672,33.28022918297779,33.28022918297779,672,0,6,0,36.25423695484896,672,,False,1396,3.8536119123093964,0.63
833,11.356150814900047,11.356150814900047,833,0,5,0,12.653873588902933,833,,False,1149,5.800457699311252,0.39
1245,11.322477085651444,11.322477085651444,1245,0,5,0,12.296859058536882,1245,,False,1501,6.63833427119992,0.52
820,17.912016072202647,17.912016072202647,820,0,6,0,19.34200773220785,820,,False,1142,5.746758545179808,0.39
1160,11.890405262908653,11.873515864858486,1161,1,5,0,12.87791119579825,1160,,False,1422,6.528798516605538,0.5
96,256.77742008731076,255.53321043317163,97,1,8,0,262.9443567436463,96,,False,1481,0.519048919249632,0.63
885,18.239586801910434,18.239586801910434,885,0,6,0,20.316974221389565,885,,False,1362,5.202139028888689,0.54
988,10.92346405882173,10.902337176916927,989,1,5,0,12.339733186428667,988,,False,1254,6.307677370677012,0.39
695,12.163464752225368,12.163464752225368,695,0,6,0,13.677434701370833,695,,False,1028,5.4102302147151455,0.33
981,6.1931107408162145,6.1931107408162145,981,0,5,0,6.358822458185626,981,,False,1053,7.453522964643107,0.26
612,18.871808157211493,18.871808157211493,612,0,6,0,21.081383892446446,612,,False,1065,4.597617256398308,0.37
1287,12.490893506742735,12.490893506742735,1287,0,5,0,13.059658568609267,1287,,False,1480,6.956813746364655,0.48
752,32.16850417074673,32.084360405047505,753,1,6,0,35.08876444787425,752,,False,1510,3.9844732318028107,0.71
1232,13.392754663783306,13.392754663783306,1232,0,5,0,14.113578579769188,1232,,False,1467,6.719239298791353,0.49
289,114.15399732218363,113.80035873293912,290,1,8,0,119.60783476776442,289,,False,1499,1.5472194266115915,0.69
570,26.208887232297716,26.04738645512396,572,2,6,0,28.552873233565013,570,,False,1113,4.103822596681411,0.41
706,21.882522019685158,21.882522019685158,706,0,6,0,24.457917603879444,706,,False,1258,4.4933607302473035,0.52
266,64.47651765341023,64.20383050328367,267,1,8,0,67.84916273568659,266,,False,1069,1.9932606418719792,0.38
808,30.05454605244379,29.98384993050212,809,1,6,0,32.9170581711785,808,,False,1517,4.262602372023148,0.74
1205,12.118461882738924,12.102769379006922,1206,1,5,0,13.116462237938148,1205,,False,1466,6.57574690471844,0.52
1040,10.462185199373867,10.462185199373867,1040,0,5,0,11.60036654926958,1040,,False,1296,6.424733460814109,0.44
199,161.3196883346471,160.71818534775596,200,1,8,0,168.4789072874785,199,,False,1479,1.0786951300451382,0.67
718,14.16590333671569,14.16590333671569,718,0,6,0,15.952791661933075,718,,False,1101,5.2202234041215005,0.37
1141,13.469787449753465,13.469787449753465,1141,0,5,0,15.069865753670289,1141,,False,1510,6.049914841185377,0.57
907,8.601826276766216,8.601826276766216,907,0,5,0,9.228724849960031,907,,False,1078,6.738004935840115,0.29
486,53.113277232698124,53.113277232698124,486,0,7,0,57.12843040284192,486,,False,1374,2.832698969606314,0.62
904,16.182524434803582,16.155152878617365,905,1,5,0,17.73796508352394,904,,False,1230,5.884677149074092,0.42
260,72.23715796396917,71.96451429114735,261,1,8,0,76.01916160062962,260,,False,1104,1.8862610563760338,0.41
438,29.831231910555868,29.83123191055586,438,0,7,0,32.066681290916264,438,,False,1067,3.289125251547944,0.38
307,61.61634584078115,61.61634584078115,307,0,7,0,65.48960813498991,307,,False,1159,2.1202052848330726,0.45
1366,10.829158667435943,10.829158667435943,1366,0,5,0,11.320820841856499,1366,,False,1514,7.222001035766828,0.45
235,137.08604543829702,137.08604543829702,235,0,8,0,142.96365001617443,235,,False,1460,1.2904543652756844,0.64
752,20.081896023828286,20.081896023828286,752,0,6,0,22.687670349020507,752,,False,1259,4.779780648079934,0.51
834,8.900455149127385,8.900455149127385,834,0,5,0,9.84639615797351,834,,False,1027,6.502975380992053,0.28
1216,13.73559420620582,13.73559420620582,1216,0,5,0,15.081936305662946,1216,,False,1535,6.342632041709668,0.59
1084,15.082608258570303,15.082608258570303,1084,0,5,0,17.28506305133993,1084,,False,1499,5.789384189570162,0.59
153,135.62705875555514,134.3784162517385,155,2,8,0,140.5267093750299,153,,False,1233,0.9974019585534073,0.47
920,12.747965280587097,12.747965280587097,920,0,5,0,14.136673629876402,920,,False,1205,6.109147265516992,0.38
181,118.69534845650844,118.16368495021565,182,1,8,0,124.8628593300612,181,,False,1186,1.225845345906197,0.44
245,98.48248681547908,98.48248681547908,245,0,8,0,103.82493554429465,245,,False,1320,1.4900841694676115,0.54
197,142.09033698982537,140.97982636868832,199,2,8,0,148.22408705017503,197,,False,1353,1.169647674919931,0.57
413,57.78209910609358,57.78209910609358,413,0,7,0,61.49740125968601,413,,False,1235,2.681526793577526,0.51
136,169.56170815974232,168.7844308800515,137,1,8,0,176.11934037299952,136,,False,1282,0.8509092497306657,0.5
462,36.176798120461555,35.93452581128218,464,2,7,0,38.73016935229833,462,,False,1133,3.269193197731207,0.43
770,25.217340174433353,25.217340174433353,770,0,6,0,28.784792341358404,770,,False,1377,4.477890736477773,0.62
802,28.175185885710444,28.032065071006624,804,2,6,0,31.048181989139596,802,,False,1469,4.369308219794294,0.69
267,90.490161032623,90.490161032623,267,0,8,0,95.70487498907056,267,,False,1275,1.6795406247987357,0.53
602,41.53028243675308,41.40956893760841,603,1,6,0,44.274761370220816,602,,False,1396,3.4551924723429472,0.64
749,21.206287515471253,21.206287515471253,749,0,6,0,23.986098910603566,749,,False,1323,4.531243776287037,0.56
844,14.02474003544217,14.02474003544217,844,0,5,0,15.888394142513231,844,,False,1214,5.56332720728217,0.43
860,11.674217290555285,11.648510837802625,861,1,5,0,12.810714312120599,860,,False,1134,6.067385452378793,0.36
751,15.451807981549715,15.451807981549715,751,0,6,0,17.124710745923622,751,,False,1167,5.150839063203945,0.41
1351,11.58832370736495,11.58832370736495,1351,0,5,0,11.97578716056418,1351,,False,1492,7.247590275591908,1.95
408,78.46927843159484,78.24012784797611,409,1,8,0,82.84651574524402,408,,False,1489,2.1938110517334555,0.73
136,154.52152088264896,153.78071087691538,137,1,7,0,159.0736552965041,136,,False,1204,0.9065164743669756,0.41
829,12.667922771193648,12.639300118067233,830,1,5,0,14.006121451748776,829,,False,1131,5.870451006211198,0.37
357,62.42954778687204,62.42954778687204,357,0,7,0,65.85803159881421,357,,False,1236,2.311918120487443,0.51
938,17.463003965488276,17.463003965488276,938,0,6,0,19.222046750983075,938,,False,1354,5.544160120687495,0.53
230,101.26874214521509,100.85784138002265,231,1,8,0,106.2780916233171,230,,False,1194,1.5467450668981875,0.47
589,41.83211813419272,41.59811596531401,591,2,7,0,44.19036828871178,589,,False,1414,3.333157213756007,0.65
850,24.46742710041184,24.46742710041184,850,0,6,0,27.381848165805657,850,,False,1438,4.729772226776597,0.65
1193,10.389776999485008,10.389776999485008,1193,0,5,0,10.984161666231019,1193,,False,1377,6.93309386879168,0.42
137,133.99295516271715,132.66864563569436,139,2,8,0,139.2639081685216,137,,False,1152,0.9544583187702751,0.41
950,11.670542721531909,11.670542721531909,950,0,5,0,12.484040009735809,950,,False,1184,6.419774075832829,0.36
373,81.79076885268836,81.79076885268836,373,0,7,0,86.53716291343986,373,,False,1407,2.1246459376195905,0.64
438,38.55473890871746,38.55473890871746,438,0,7,0,41.04824006039054,438,,False,1164,3.01597755742252,0.46
615,27.14957296683503,27.070691888868307,616,1,6,0,29.23769564062991,615,,False,1230,4.00221488643537,0.5
112,224.6451192933089,224.6451192933089,112,0,8,0,233.2281168597045,112,,False,1462,0.6146943488228384,0.61
1110,14.12823246162282,14.10703453960644,1111,1,5,0,15.454582066817407,1110,,False,1432,6.20163109073535,0.53
623,28.71468601337688,28.626719289855536,624,1,6,0,32.16640624646962,623,,False,1267,3.939699320513352,0.52
1101,10.464388096767564,10.464388096767564,1101,0,5,0,11.088685854288462,1101,,False,1274,6.917149631273772,0.39
219,133.02172668889858,132.54272269677173,220,1,8,0,139.5008224065299,219,,False,1405,1.2501868262540465,0.62
815,13.278142263457422,13.278142263457422,815,0,6,0,15.133140709468016,815,,False,1187,5.493818807705235,0.42
729,37.847885946490074,37.847885946490074,729,0,6,0,41.22159484293741,729,,False,1518,3.842075236881061,0.74
990,9.644119394846555,9.644119394846555,990,0,5,0,10.288771015358265,990,,False,1172,6.75928748195372,0.34
1107,8.057064620739549,8.048643252718222,1108,1,5,0,8.371880063568192,1107,,False,1212,7.3116065512632265,0.33
692,18.093289347010575,18.093289347010575,692,0,6,0,19.95105784965414,692,,False,1103,5.024229907992263,0.39
1063,16.376052941550785,16.376052941550785,1063,0,5,0,18.04219055695829,1063,,False,1447,5.8823639218133685,0.56
81,212.207921934471,211.0029515803352,82,1,8,0,218.15637267338514,81,,False,1222,0.5345976834968454,0.45
959,17.173604811101722,17.173604811101722,959,0,6,0,19.321345292009198,959,,False,1448,5.3024696032845995,0.61
639,21.7707372522608,21.7707372522608,639,0,6,0,24.28164770826711,639,,False,1159,4.4123794020366445,0.44
345,59.000534853548366,59.000534853548366,345,0,7,0,62.54053446936008,345,,False,1180,2.3433635356520854,0.46
908,14.146738311502482,14.146738311502482,908,0,5,0,15.3604049156647,908,,False,1208,6.018070343768594,0.39
626,23.426635790659397,23.426635790659397,626,0,6,0,25.337709771913048,626,,False,1197,4.1903620008783,0.48
653,24.389541049271582,24.389541049271582,653,0,6,0,27.623911244186196,653,,False,1192,4.384186689506647,0.46
1059,16.301725189795942,16.301725189795942,1059,0,6,0,17.87385408517766,1059,,False,1444,5.872142302171846,0.54
130,135.36765653595717,134.69421064014475,131,1,8,0,141.73265878533493,130,,False,1085,0.9643619421481519,0.37
548,35.420256305330966,35.420256305330966,548,0,6,0,37.893943214649696,548,,False,1255,3.496364357756609,0.52
758,30.264245326711315,30.264245326711315,758,0,6,0,33.220684048706374,758,,False,1472,4.121120814846941,0.7
909,13.38439488620246,13.38439488620246,909,0,5,0,15.241823126591465,909,,False,1259,5.780309489664276,0.43
969,12.361244003821339,12.361244003821339,969,0,5,0,13.980751071208697,969,,False,1339,5.792050250229565,0.5
901,20.236396514579095,20.236396514579095,901,0,6,0,22.683184696347396,901,,False,1418,5.0832629635521585,0.59
731,18.343650068903216,18.343650068903216,731,0,6,0,20.364836156764273,731,,False,1219,4.799996103750769,0.47
705,19.35328054432321,19.35328054432321,705,0,6,0,21.98166525678644,705,,False,1215,4.64466844745361,0.48
749,25.274199101484975,25.274199101484975,749,0,6,0,28.341943315723114,749,,False,1340,4.4740298871874895,0.58
873,17.758105626295066,17.758105626295066,873,0,6,0,20.015303018752846,873,,False,1329,5.2602594389708965,0.54
1270,12.68337636436909,12.68337636436909,1270,0,5,0,13.20415221082973,1270,,False,1438,7.070821295863682,0.46
446,63.16696586534787,63.16696586534787,446,0,7,0,67.16658742553244,446,,False,1414,2.5245670179356945,0.65
630,43.44205060069348,43.44205060069348,630,0,6,0,46.74132929477477,630,,False,1503,3.3538881579261757,0.74
621,22.204668489121172,22.204668489121172,621,0,6,0,24.503215029802845,621,,False,1153,4.315646248195907,0.44
1019,8.510057794813548,8.510057794813548,1019,0,5,0,8.904294434854707,1019,,False,1171,6.9645772628581,0.32
335,84.5001922451712,84.5001922451712,335,0,7,0,89.70551239118399,335,,False,1358,1.9786927456898298,0.58
1144,8.766761048483701,8.766761048483701,1144,0,5,0,9.250290101568208,1144,,False,1279,7.160103296907223,0.37
821,19.95964742038152,19.95964742038152,821,0,6,0,23.1239948800104,821,,False,1365,4.81453177494693,0.59
683,23.95976918135391,23.95976918135391,683,0,6,0,27.626779231174602,683,,False,1288,4.245175993908256,0.54
784,12.852325413736041,12.852325413736041,784,0,6,0,14.49542985717472,784,,False,1167,5.3802649104608795,0.42
247,77.89386162001527,77.89386162001527,247,0,8,0,82.070797469415,247,,False,1124,1.764334104748043,0.4
965,5.957194955776388,5.957194955776388,965,0,5,0,6.1809384344098754,965,,False,1058,7.300631954468661,0.26
1063,12.50907230687131,12.48898563186813,1064,1,5,0,13.876417968717472,1063,,False,1334,6.378887078402377,0.45
993,12.471961717011668,12.449672949125604,994,1,5,0,13.57653756740052,993,,False,1284,6.18846982496884,0.42
782,26.04247242288637,25.974814980949603,783,1,6,0,28.909043346437386,782,,False,1408,4.446001652860729,0.64
276,91.63090481533591,90.9787204434404,278,2,8,0,96.10443263735013,276,,False,1337,1.653397012546472,0.59
424,49.1926042060621,49.1926042060621,424,0,7,0,52.49658323763929,424,,False,1231,2.7581277742563186,0.52
915,11.009632252606204,11.009632252606204,915,0,5,0,11.734663987543529,915,,False,1129,6.485354072887708,0.33
580,27.976822073981204,27.976822073981204,580,0,6,0,30.439584579899638,580,,False,1217,3.8136406642559884,0.5
960,11.638328147520202,11.638328147520202,960,0,5,0,12.856995978560555,960,,False,1268,6.0622160523336746,0.44
481,64.48816074371484,64.48816074371484,481,0,7,0,68.62896472558307,481,,False,1500,2.5693254585559453,2.25
225,115.87739351580196,114.96822803864283,227,2,8,0,120.82655675289254,225,,False,1292,1.399261327030846,0.52
190,129.8608430005784,129.3487975634233,191,1,8,0,135.97026323130183,190,,False,1299,1.1745632766340712,0.51
295,69.04186818228048,68.50767980360389,297,2,8,0,72.34068287731918,295,,False,1139,2.077829649469196,0.43
1230,8.318817043762984,8.318817043762984,1230,0,5,0,8.591964450999187,1230,,False,1343,7.32786476850122,0.39
